INSERT INTO public.dict_organization_types (type_id, type_description) values ('ООО', 'Общество с ограниченной ответственностью');
INSERT INTO public.dict_organization_types (type_id, type_description) values ('ПАО', 'Публичное акционерное общество');
INSERT INTO public.dict_organization_types (type_id, type_description) values ('LTD', 'Limited liability company');
INSERT INTO public.dict_organization_types (type_id, type_description) values ('CORP', 'Corporation (Public company)');

INSERT INTO dict_countries (country_id, country_code, short_name, full_name, region) VALUES ('AB','ABH','Абхазия','Республика Абхазия','Закавказье');
INSERT INTO dict_countries (country_id, country_code, short_name, full_name, region) VALUES ('AU','AUS','Австралия','','Австралия и Новая Зеландия');
INSERT INTO dict_countries (country_id, country_code, short_name, full_name, region) VALUES ('AT','AUT','Австрия','Австрийская Республика','Западная Европа');
INSERT INTO dict_countries (country_id, country_code, short_name, full_name, region) VALUES ('AZ','AZE','Азербайджан','Республика Азербайджан','Западная Азия');
INSERT INTO dict_countries (country_id, country_code, short_name, full_name, region) VALUES ('AL','ALB','Албания','Республика Албания','Южная Европа');
INSERT INTO dict_countries (country_id, country_code, short_name, full_name, region) VALUES ('DZ','DZA','Алжир','Алжирская Народная Демократическая Республика','Северная Африка');
INSERT INTO dict_countries (country_id, country_code, short_name, full_name, region) VALUES ('AS','ASM','Американское Самоа','','Полинезия');
INSERT INTO dict_countries (country_id, country_code, short_name, full_name, region) VALUES ('AI','AIA','Ангилья','','Карибский бассейн');
INSERT INTO dict_countries (country_id, country_code, short_name, full_name, region) VALUES ('AO','AGO','Ангола','Республика Ангола','Центральная Африка');
INSERT INTO dict_countries (country_id, country_code, short_name, full_name, region) VALUES ('AD','AND','Андорра','Княжество Андорра','Южная Европа');
INSERT INTO dict_countries (country_id, country_code, short_name, full_name, region) VALUES ('AQ','ATA','Антарктида','',' ');
INSERT INTO dict_countries (country_id, country_code, short_name, full_name, region) VALUES ('AG','ATG','Антигуа и Барбуда','','Карибский бассейн');
INSERT INTO dict_countries (country_id, country_code, short_name, full_name, region) VALUES ('AR','ARG','Аргентина','Аргентинская Республика','Южная Америка');
INSERT INTO dict_countries (country_id, country_code, short_name, full_name, region) VALUES ('AM','ARM','Армения','Республика Армения','Западная Азия');
INSERT INTO dict_countries (country_id, country_code, short_name, full_name, region) VALUES ('AW','ABW','Аруба','','Карибский бассейн');
INSERT INTO dict_countries (country_id, country_code, short_name, full_name, region) VALUES ('AF','AFG','Афганистан','Переходное Исламское Государство Афганистан','Южная часть Центральной Азии');
INSERT INTO dict_countries (country_id, country_code, short_name, full_name, region) VALUES ('BS','BHS','Багамы','Содружество Багамы','Карибский бассейн');
INSERT INTO dict_countries (country_id, country_code, short_name, full_name, region) VALUES ('BD','BGD','Бангладеш','Народная Республика Бангладеш','Южная часть Центральной Азии');
INSERT INTO dict_countries (country_id, country_code, short_name, full_name, region) VALUES ('BB','BRB','Барбадос','','Карибский бассейн');
INSERT INTO dict_countries (country_id, country_code, short_name, full_name, region) VALUES ('BH','BHR','Бахрейн','Королевство Бахрейн','Западная Азия');
INSERT INTO dict_countries (country_id, country_code, short_name, full_name, region) VALUES ('BY','BLR','Беларусь','Республика Беларусь','Восточная Европа');
INSERT INTO dict_countries (country_id, country_code, short_name, full_name, region) VALUES ('BZ','BLZ','Белиз','','Карибский бассейн');
INSERT INTO dict_countries (country_id, country_code, short_name, full_name, region) VALUES ('BE','BEL','Бельгия','Королевство Бельгии','Западная Европа');
INSERT INTO dict_countries (country_id, country_code, short_name, full_name, region) VALUES ('BJ','BEN','Бенин','Республика Бенин','Западная Африка');
INSERT INTO dict_countries (country_id, country_code, short_name, full_name, region) VALUES ('BM','BMU','Бермуды','','Северная Америка');
INSERT INTO dict_countries (country_id, country_code, short_name, full_name, region) VALUES ('BG','BGR','Болгария','Республика Болгария','Восточная Европа');
INSERT INTO dict_countries (country_id, country_code, short_name, full_name, region) VALUES ('BO','BOL','Боливия, Многонациональное Государство','Многонациональное Государство Боливия','Южная Америка');
INSERT INTO dict_countries (country_id, country_code, short_name, full_name, region) VALUES ('BQ','BES','Бонайре, Саба и Синт-Эстатиус','','Карибский бассейн');
INSERT INTO dict_countries (country_id, country_code, short_name, full_name, region) VALUES ('BA','BIH','Босния и Герцеговина','','Южная Европа');
INSERT INTO dict_countries (country_id, country_code, short_name, full_name, region) VALUES ('BW','BWA','Ботсвана','Республика Ботсвана','Южная часть Африки');
INSERT INTO dict_countries (country_id, country_code, short_name, full_name, region) VALUES ('BR','BRA','Бразилия','Федеративная Республика Бразилия','Южная Америка');
INSERT INTO dict_countries (country_id, country_code, short_name, full_name, region) VALUES ('IO','IOT','Британская территория в Индийском океане','','Индийский океан');
INSERT INTO dict_countries (country_id, country_code, short_name, full_name, region) VALUES ('BN','BRN','Бруней-Даруссалам','','Юго-Восточная Азия');
INSERT INTO dict_countries (country_id, country_code, short_name, full_name, region) VALUES ('BF','BFA','Буркина-Фасо','','Западная Африка');
INSERT INTO dict_countries (country_id, country_code, short_name, full_name, region) VALUES ('BI','BDI','Бурунди','Республика Бурунди','Восточная Африка');
INSERT INTO dict_countries (country_id, country_code, short_name, full_name, region) VALUES ('BT','BTN','Бутан','Королевство Бутан','Южная часть Центральной Азии');
INSERT INTO dict_countries (country_id, country_code, short_name, full_name, region) VALUES ('VU','VUT','Вануату','Республика Вануату','Меланезия');
INSERT INTO dict_countries (country_id, country_code, short_name, full_name, region) VALUES ('HU','HUN','Венгрия','Венгерская Республика','Восточная Европа');
INSERT INTO dict_countries (country_id, country_code, short_name, full_name, region) VALUES ('VE','VEN','Венесуэла Боливарианская Республика','Боливарийская Республика Венесуэла','Южная Америка');
INSERT INTO dict_countries (country_id, country_code, short_name, full_name, region) VALUES ('VG','VGB','Виргинские острова, Британские','Британские Виргинские острова','Карибский бассейн');
INSERT INTO dict_countries (country_id, country_code, short_name, full_name, region) VALUES ('VI','VIR','Виргинские острова, США','Виргинские острова Соединенных Штатов','Карибский бассейн');
INSERT INTO dict_countries (country_id, country_code, short_name, full_name, region) VALUES ('VN','VNM','Вьетнам','Социалистическая Республика Вьетнам','Юго-Восточная Азия');
INSERT INTO dict_countries (country_id, country_code, short_name, full_name, region) VALUES ('GA','GAB','Габон','Габонская Республика','Центральная Африка');
INSERT INTO dict_countries (country_id, country_code, short_name, full_name, region) VALUES ('HT','HTI','Гаити','Республика Гаити','Карибский бассейн');
INSERT INTO dict_countries (country_id, country_code, short_name, full_name, region) VALUES ('GY','GUY','Гайана','Республика Гайана','Южная Америка');
INSERT INTO dict_countries (country_id, country_code, short_name, full_name, region) VALUES ('GM','GMB','Гамбия','Республика Гамбия','Западная Африка');
INSERT INTO dict_countries (country_id, country_code, short_name, full_name, region) VALUES ('GH','GHA','Гана','Республика Гана','Западная Африка');
INSERT INTO dict_countries (country_id, country_code, short_name, full_name, region) VALUES ('GP','GLP','Гваделупа','','Карибский бассейн');
INSERT INTO dict_countries (country_id, country_code, short_name, full_name, region) VALUES ('GT','GTM','Гватемала','Республика Гватемала','Центральная Америка');
INSERT INTO dict_countries (country_id, country_code, short_name, full_name, region) VALUES ('GN','GIN','Гвинея','Гвинейская Республика','Западная Африка');
INSERT INTO dict_countries (country_id, country_code, short_name, full_name, region) VALUES ('GW','GNB','Гвинея-Бисау','Республика Гвинея-Бисау','Западная Африка');
INSERT INTO dict_countries (country_id, country_code, short_name, full_name, region) VALUES ('DE','DEU','Германия','Федеративная Республика Германия','Западная Европа');
INSERT INTO dict_countries (country_id, country_code, short_name, full_name, region) VALUES ('GG','GGY','Гернси','','Северная Европа');
INSERT INTO dict_countries (country_id, country_code, short_name, full_name, region) VALUES ('GI','GIB','Гибралтар','','Южная Европа');
INSERT INTO dict_countries (country_id, country_code, short_name, full_name, region) VALUES ('HN','HND','Гондурас','Республика Гондурас','Центральная Америка');
INSERT INTO dict_countries (country_id, country_code, short_name, full_name, region) VALUES ('HK','HKG','Гонконг','Специальный  административный  регион Китая Гонконг','Восточная Азия');
INSERT INTO dict_countries (country_id, country_code, short_name, full_name, region) VALUES ('GD','GRD','Гренада','','Карибский бассейн');
INSERT INTO dict_countries (country_id, country_code, short_name, full_name, region) VALUES ('GL','GRL','Гренландия','','Северная Америка');
INSERT INTO dict_countries (country_id, country_code, short_name, full_name, region) VALUES ('GR','GRC','Греция','Греческая Республика','Южная Европа');
INSERT INTO dict_countries (country_id, country_code, short_name, full_name, region) VALUES ('GE','GEO','Грузия','','Западная Азия');
INSERT INTO dict_countries (country_id, country_code, short_name, full_name, region) VALUES ('GU','GUM','Гуам','','Микронезия');
INSERT INTO dict_countries (country_id, country_code, short_name, full_name, region) VALUES ('DK','DNK','Дания','Королевство Дания','Северная Европа');
INSERT INTO dict_countries (country_id, country_code, short_name, full_name, region) VALUES ('JE','JEY','Джерси','','Северная Европа');
INSERT INTO dict_countries (country_id, country_code, short_name, full_name, region) VALUES ('DJ','DJI','Джибути','Республика Джибути','Восточная Африка');
INSERT INTO dict_countries (country_id, country_code, short_name, full_name, region) VALUES ('DM','DMA','Доминика','Содружество Доминики','Карибский бассейн');
INSERT INTO dict_countries (country_id, country_code, short_name, full_name, region) VALUES ('DO','DOM','Доминиканская Республика','','Карибский бассейн');
INSERT INTO dict_countries (country_id, country_code, short_name, full_name, region) VALUES ('EG','EGY','Египет','Арабская Республика Египет','Северная Африка');
INSERT INTO dict_countries (country_id, country_code, short_name, full_name, region) VALUES ('ZM','ZMB','Замбия','Республика Замбия','Восточная Африка');
INSERT INTO dict_countries (country_id, country_code, short_name, full_name, region) VALUES ('EH','ESH','Западная Сахара','','Северная Африка');
INSERT INTO dict_countries (country_id, country_code, short_name, full_name, region) VALUES ('ZW','ZWE','Зимбабве','Республика Зимбабве','Восточная Африка');
INSERT INTO dict_countries (country_id, country_code, short_name, full_name, region) VALUES ('IL','ISR','Израиль','Государство Израиль','Западная Азия');
INSERT INTO dict_countries (country_id, country_code, short_name, full_name, region) VALUES ('IN','IND','Индия','Республика Индия','Южная часть Центральной Азии');
INSERT INTO dict_countries (country_id, country_code, short_name, full_name, region) VALUES ('ID','IDN','Индонезия','Республика Индонезия','Юго-Восточная Азия');
INSERT INTO dict_countries (country_id, country_code, short_name, full_name, region) VALUES ('JO','JOR','Иордания','Иорданское Хашимитское Королевство','Западная Азия');
INSERT INTO dict_countries (country_id, country_code, short_name, full_name, region) VALUES ('IQ','IRQ','Ирак','Республика Ирак','Западная Азия');
INSERT INTO dict_countries (country_id, country_code, short_name, full_name, region) VALUES ('IR','IRN','Иран, Исламская Республика','Исламская Республика Иран','Южная часть Центральной Азии');
INSERT INTO dict_countries (country_id, country_code, short_name, full_name, region) VALUES ('IE','IRL','Ирландия','','Северная Европа');
INSERT INTO dict_countries (country_id, country_code, short_name, full_name, region) VALUES ('IS','ISL','Исландия','Республика Исландия','Северная Европа');
INSERT INTO dict_countries (country_id, country_code, short_name, full_name, region) VALUES ('ES','ESP','Испания','Королевство Испания','Южная Европа');
INSERT INTO dict_countries (country_id, country_code, short_name, full_name, region) VALUES ('IT','ITA','Италия','Итальянская Республика','Южная Европа');
INSERT INTO dict_countries (country_id, country_code, short_name, full_name, region) VALUES ('YE','YEM','Йемен','Йеменская Республика','Западная Азия');
INSERT INTO dict_countries (country_id, country_code, short_name, full_name, region) VALUES ('CV','CPV','Кабо-Верде','Республика Кабо-Верде','Западная Африка');
INSERT INTO dict_countries (country_id, country_code, short_name, full_name, region) VALUES ('KZ','KAZ','Казахстан','Республика Казахстан','Южная часть Центральной Азии');
INSERT INTO dict_countries (country_id, country_code, short_name, full_name, region) VALUES ('KH','KHM','Камбоджа','Королевство Камбоджа','Юго-Восточная Азия');
INSERT INTO dict_countries (country_id, country_code, short_name, full_name, region) VALUES ('CM','CMR','Камерун','Республика Камерун','Центральная Африка');
INSERT INTO dict_countries (country_id, country_code, short_name, full_name, region) VALUES ('CA','CAN','Канада','','Северная Америка');
INSERT INTO dict_countries (country_id, country_code, short_name, full_name, region) VALUES ('QA','QAT','Катар','Государство Катар','Западная Азия');
INSERT INTO dict_countries (country_id, country_code, short_name, full_name, region) VALUES ('KE','KEN','Кения','Республика Кения','Восточная Африка');
INSERT INTO dict_countries (country_id, country_code, short_name, full_name, region) VALUES ('CY','CYP','Кипр','Республика Кипр','Западная Азия');
INSERT INTO dict_countries (country_id, country_code, short_name, full_name, region) VALUES ('KG','KGZ','Киргизия','Киргизская Республика','Южная часть Центральной Азии');
INSERT INTO dict_countries (country_id, country_code, short_name, full_name, region) VALUES ('KI','KIR','Кирибати','Республика Кирибати','Микронезия');
INSERT INTO dict_countries (country_id, country_code, short_name, full_name, region) VALUES ('CN','CHN','Китай','Китайская Народная Республика','Восточная Азия');
INSERT INTO dict_countries (country_id, country_code, short_name, full_name, region) VALUES ('CC','CCK','Кокосовые (Килинг) острова','','Индийский океан');
INSERT INTO dict_countries (country_id, country_code, short_name, full_name, region) VALUES ('CO','COL','Колумбия','Республика Колумбия','Южная Америка');
INSERT INTO dict_countries (country_id, country_code, short_name, full_name, region) VALUES ('KM','COM','Коморы','Союз Коморы','Восточная Африка');
INSERT INTO dict_countries (country_id, country_code, short_name, full_name, region) VALUES ('CG','COG','Конго','Республика Конго','Центральная Африка');
INSERT INTO dict_countries (country_id, country_code, short_name, full_name, region) VALUES ('CD','COD','Конго, Демократическая Республика','Демократическая Республика Конго','Центральная Африка');
INSERT INTO dict_countries (country_id, country_code, short_name, full_name, region) VALUES ('KP','PRK','Корея, Народно-Демократическая Республика','Корейская Народно-Демократическая Республика','Восточная Азия');
INSERT INTO dict_countries (country_id, country_code, short_name, full_name, region) VALUES ('KR','KOR','Корея, Республика','Республика Корея','Восточная Азия');
INSERT INTO dict_countries (country_id, country_code, short_name, full_name, region) VALUES ('CR','CRI','Коста-Рика','Республика Коста-Рика','Центральная Америка');
INSERT INTO dict_countries (country_id, country_code, short_name, full_name, region) VALUES ('CI','CIV','Кот д"Ивуар','Республика Кот д"Ивуар','Западная Африка');
INSERT INTO dict_countries (country_id, country_code, short_name, full_name, region) VALUES ('CU','CUB','Куба','Республика Куба','Карибский бассейн');
INSERT INTO dict_countries (country_id, country_code, short_name, full_name, region) VALUES ('KW','KWT','Кувейт','Государство Кувейт','Западная Азия');
INSERT INTO dict_countries (country_id, country_code, short_name, full_name, region) VALUES ('CW','CUW','Кюрасао','','Карибский бассейн');
INSERT INTO dict_countries (country_id, country_code, short_name, full_name, region) VALUES ('LA','LAO','Лаос','Лаосская Народно-Демократическая Республика','Юго-Восточная Азия');
INSERT INTO dict_countries (country_id, country_code, short_name, full_name, region) VALUES ('LV','LVA','Латвия','Латвийская Республика','Северная Европа');
INSERT INTO dict_countries (country_id, country_code, short_name, full_name, region) VALUES ('LS','LSO','Лесото','Королевство Лесото','Южная часть Африки');
INSERT INTO dict_countries (country_id, country_code, short_name, full_name, region) VALUES ('LB','LBN','Ливан','Ливанская Республика','Западная Азия');
INSERT INTO dict_countries (country_id, country_code, short_name, full_name, region) VALUES ('LY','LBY','Ливийская Арабская Джамахирия','Социалистическая Народная Ливийская Арабская Джамахирия','Северная Африка');
INSERT INTO dict_countries (country_id, country_code, short_name, full_name, region) VALUES ('LR','LBR','Либерия','Республика Либерия','Западная Африка');
INSERT INTO dict_countries (country_id, country_code, short_name, full_name, region) VALUES ('LI','LIE','Лихтенштейн','Княжество Лихтенштейн','Западная Европа');
INSERT INTO dict_countries (country_id, country_code, short_name, full_name, region) VALUES ('LT','LTU','Литва','Литовская Республика','Северная Европа');
INSERT INTO dict_countries (country_id, country_code, short_name, full_name, region) VALUES ('LU','LUX','Люксембург','Великое Герцогство Люксембург','Западная Европа');
INSERT INTO dict_countries (country_id, country_code, short_name, full_name, region) VALUES ('MU','MUS','Маврикий','Республика Маврикий','Восточная Африка');
INSERT INTO dict_countries (country_id, country_code, short_name, full_name, region) VALUES ('MR','MRT','Мавритания','Исламская Республика Мавритания','Западная Африка');
INSERT INTO dict_countries (country_id, country_code, short_name, full_name, region) VALUES ('MG','MDG','Мадагаскар','Республика Мадагаскар','Восточная Африка');
INSERT INTO dict_countries (country_id, country_code, short_name, full_name, region) VALUES ('YT','MYT','Майотта','','Южная часть Африки');
INSERT INTO dict_countries (country_id, country_code, short_name, full_name, region) VALUES ('MO','MAC','Макао','Специальный административный регион Китая Макао','Восточная Азия');
INSERT INTO dict_countries (country_id, country_code, short_name, full_name, region) VALUES ('MW','MWI','Малави','Республика Малави','Восточная Африка');
INSERT INTO dict_countries (country_id, country_code, short_name, full_name, region) VALUES ('MY','MYS','Малайзия','','Юго-Восточная Азия');
INSERT INTO dict_countries (country_id, country_code, short_name, full_name, region) VALUES ('ML','MLI','Мали','Республика Мали','Западная Африка');
INSERT INTO dict_countries (country_id, country_code, short_name, full_name, region) VALUES ('UM','UMI','Малые Тихоокеанские отдаленные острова Соединенных Штатов','','Индийский океан');
INSERT INTO dict_countries (country_id, country_code, short_name, full_name, region) VALUES ('MV','MDV','Мальдивы','Мальдивская Республика','Южная часть Центральной Азии');
INSERT INTO dict_countries (country_id, country_code, short_name, full_name, region) VALUES ('MT','MLT','Мальта','Республика Мальта','Южная Европа');
INSERT INTO dict_countries (country_id, country_code, short_name, full_name, region) VALUES ('MA','MAR','Марокко','Королевство Марокко','Северная Африка');
INSERT INTO dict_countries (country_id, country_code, short_name, full_name, region) VALUES ('MQ','MTQ','Мартиника','','Карибский бассейн');
INSERT INTO dict_countries (country_id, country_code, short_name, full_name, region) VALUES ('MH','MHL','Маршалловы острова','Республика Маршалловы острова','Микронезия');
INSERT INTO dict_countries (country_id, country_code, short_name, full_name, region) VALUES ('MX','MEX','Мексика','Мексиканские Соединенные Штаты','Центральная Америка');
INSERT INTO dict_countries (country_id, country_code, short_name, full_name, region) VALUES ('FM','FSM','Микронезия, Федеративные Штаты','Федеративные штаты Микронезии','Микронезия');
INSERT INTO dict_countries (country_id, country_code, short_name, full_name, region) VALUES ('MZ','MOZ','Мозамбик','Республика Мозамбик','Восточная Африка');
INSERT INTO dict_countries (country_id, country_code, short_name, full_name, region) VALUES ('MD','MDA','Молдова, Республика','Республика Молдова','Восточная Европа');
INSERT INTO dict_countries (country_id, country_code, short_name, full_name, region) VALUES ('MC','MCO','Монако','Княжество Монако','Западная Европа');
INSERT INTO dict_countries (country_id, country_code, short_name, full_name, region) VALUES ('MN','MNG','Монголия','','Восточная Азия');
INSERT INTO dict_countries (country_id, country_code, short_name, full_name, region) VALUES ('MS','MSR','Монтсеррат','','Карибский бассейн');
INSERT INTO dict_countries (country_id, country_code, short_name, full_name, region) VALUES ('MM','MMR','Мьянма','Союз Мьянма','Юго-Восточная Азия');
INSERT INTO dict_countries (country_id, country_code, short_name, full_name, region) VALUES ('NA','NAM','Намибия','Республика Намибия','Южная часть Африки');
INSERT INTO dict_countries (country_id, country_code, short_name, full_name, region) VALUES ('NR','NRU','Науру','Республика Науру','Микронезия');
INSERT INTO dict_countries (country_id, country_code, short_name, full_name, region) VALUES ('NP','NPL','Непал','Королевство Непал','Южная часть Центральной Азии');
INSERT INTO dict_countries (country_id, country_code, short_name, full_name, region) VALUES ('NE','NER','Нигер','Республика Нигер','Западная Африка');
INSERT INTO dict_countries (country_id, country_code, short_name, full_name, region) VALUES ('NG','NGA','Нигерия','Федеративная Республика Нигерия','Западная Африка');
INSERT INTO dict_countries (country_id, country_code, short_name, full_name, region) VALUES ('NL','NLD','Нидерланды','Королевство Нидерландов','Западная Европа');
INSERT INTO dict_countries (country_id, country_code, short_name, full_name, region) VALUES ('NI','NIC','Никарагуа','Республика Никарагуа','Центральная Америка');
INSERT INTO dict_countries (country_id, country_code, short_name, full_name, region) VALUES ('NU','NIU','Ниуэ','Республика Ниуэ','Полинезия');
INSERT INTO dict_countries (country_id, country_code, short_name, full_name, region) VALUES ('NZ','NZL','Новая Зеландия','','Австралия и Новая Зеландия');
INSERT INTO dict_countries (country_id, country_code, short_name, full_name, region) VALUES ('NC','NCL','Новая Каледония','','Меланезия');
INSERT INTO dict_countries (country_id, country_code, short_name, full_name, region) VALUES ('NO','NOR','Норвегия','Королевство Норвегия','Северная Европа');
INSERT INTO dict_countries (country_id, country_code, short_name, full_name, region) VALUES ('AE','ARE','Объединенные Арабские Эмираты','','Западная Азия');
INSERT INTO dict_countries (country_id, country_code, short_name, full_name, region) VALUES ('OM','OMN','Оман','Султанат Оман','Западная Азия');
INSERT INTO dict_countries (country_id, country_code, short_name, full_name, region) VALUES ('BV','BVT','Остров Буве','','Южный океан');
INSERT INTO dict_countries (country_id, country_code, short_name, full_name, region) VALUES ('IM','IMN','Остров Мэн','','Северная Европа');
INSERT INTO dict_countries (country_id, country_code, short_name, full_name, region) VALUES ('NF','NFK','Остров Норфолк','','Австралия и Новая Зеландия');
INSERT INTO dict_countries (country_id, country_code, short_name, full_name, region) VALUES ('CX','CXR','Остров Рождества','','Индийский океан');
INSERT INTO dict_countries (country_id, country_code, short_name, full_name, region) VALUES ('HM','HMD','Остров Херд и острова Макдональд','','Индийский океан');
INSERT INTO dict_countries (country_id, country_code, short_name, full_name, region) VALUES ('KY','CYM','Острова Кайман','','Карибский бассейн');
INSERT INTO dict_countries (country_id, country_code, short_name, full_name, region) VALUES ('CK','COK','Острова Кука','','Полинезия');
INSERT INTO dict_countries (country_id, country_code, short_name, full_name, region) VALUES ('TC','TCA','Острова Теркс и Кайкос','','Карибский бассейн');
INSERT INTO dict_countries (country_id, country_code, short_name, full_name, region) VALUES ('PK','PAK','Пакистан','Исламская Республика Пакистан','Южная часть Центральной Азии');
INSERT INTO dict_countries (country_id, country_code, short_name, full_name, region) VALUES ('PW','PLW','Палау','Республика Палау','Микронезия');
INSERT INTO dict_countries (country_id, country_code, short_name, full_name, region) VALUES ('PS','PSE','Палестинская территория, оккупированная','Оккупированная Палестинская территория','Западная Азия');
INSERT INTO dict_countries (country_id, country_code, short_name, full_name, region) VALUES ('PA','PAN','Панама','Республика Панама','Центральная Америка');
INSERT INTO dict_countries (country_id, country_code, short_name, full_name, region) VALUES ('VA','VAT','Папский Престол (Государство &mdash; город Ватикан)','','Южная Европа');
INSERT INTO dict_countries (country_id, country_code, short_name, full_name, region) VALUES ('PG','PNG','Папуа-Новая Гвинея','','Меланезия');
INSERT INTO dict_countries (country_id, country_code, short_name, full_name, region) VALUES ('PY','PRY','Парагвай','Республика Парагвай','Южная Америка');
INSERT INTO dict_countries (country_id, country_code, short_name, full_name, region) VALUES ('PE','PER','Перу','Республика Перу','Южная Америка');
INSERT INTO dict_countries (country_id, country_code, short_name, full_name, region) VALUES ('PN','PCN','Питкерн','','Полинезия');
INSERT INTO dict_countries (country_id, country_code, short_name, full_name, region) VALUES ('PL','POL','Польша','Республика Польша','Восточная Европа');
INSERT INTO dict_countries (country_id, country_code, short_name, full_name, region) VALUES ('PT','PRT','Португалия','Португальская Республика','Южная Европа');
INSERT INTO dict_countries (country_id, country_code, short_name, full_name, region) VALUES ('PR','PRI','Пуэрто-Рико','','Карибский бассейн');
INSERT INTO dict_countries (country_id, country_code, short_name, full_name, region) VALUES ('MK','MKD','Республика Македония','','Южная Европа');
INSERT INTO dict_countries (country_id, country_code, short_name, full_name, region) VALUES ('RE','REU','Реюньон','','Восточная Африка');
INSERT INTO dict_countries (country_id, country_code, short_name, full_name, region) VALUES ('RU','RUS','Россия','Российская Федерация','Восточная Европа');
INSERT INTO dict_countries (country_id, country_code, short_name, full_name, region) VALUES ('RW','RWA','Руанда','Руандийская Республика','Восточная Африка');
INSERT INTO dict_countries (country_id, country_code, short_name, full_name, region) VALUES ('RO','ROU','Румыния','','Восточная Европа');
INSERT INTO dict_countries (country_id, country_code, short_name, full_name, region) VALUES ('WS','WSM','Самоа','Независимое Государство Самоа','Полинезия');
INSERT INTO dict_countries (country_id, country_code, short_name, full_name, region) VALUES ('SM','SMR','Сан-Марино','Республика Сан-Марино','Южная Европа');
INSERT INTO dict_countries (country_id, country_code, short_name, full_name, region) VALUES ('ST','STP','Сан-Томе и Принсипи','Демократическая Республика Сан-Томе и Принсипи','Центральная Африка');
INSERT INTO dict_countries (country_id, country_code, short_name, full_name, region) VALUES ('SA','SAU','Саудовская Аравия','Королевство Саудовская Аравия','Западная Азия');
INSERT INTO dict_countries (country_id, country_code, short_name, full_name, region) VALUES ('SH','SHN','Святая Елена, Остров вознесения, Тристан-да-Кунья','','Западная Африка');
INSERT INTO dict_countries (country_id, country_code, short_name, full_name, region) VALUES ('MP','MNP','Северные Марианские острова','Содружество Северных Марианских островов','Микронезия');
INSERT INTO dict_countries (country_id, country_code, short_name, full_name, region) VALUES ('BL','BLM','Сен-Бартельми','','Карибский бассейн');
INSERT INTO dict_countries (country_id, country_code, short_name, full_name, region) VALUES ('MF','MAF','Сен-Мартен','','Карибский бассейн');
INSERT INTO dict_countries (country_id, country_code, short_name, full_name, region) VALUES ('SN','SEN','Сенегал','Республика Сенегал','Западная Африка');
INSERT INTO dict_countries (country_id, country_code, short_name, full_name, region) VALUES ('VC','VCT','Сент-Винсент и Гренадины','','Карибский бассейн');
INSERT INTO dict_countries (country_id, country_code, short_name, full_name, region) VALUES ('KN','KNA','Сент-Китс и Невис','','Карибский бассейн');
INSERT INTO dict_countries (country_id, country_code, short_name, full_name, region) VALUES ('LC','LCA','Сент-Люсия','','Карибский бассейн');
INSERT INTO dict_countries (country_id, country_code, short_name, full_name, region) VALUES ('PM','SPM','Сент-Пьер и Микелон','','Северная Америка');
INSERT INTO dict_countries (country_id, country_code, short_name, full_name, region) VALUES ('RS','SRB','Сербия','Республика Сербия','Южная Европа');
INSERT INTO dict_countries (country_id, country_code, short_name, full_name, region) VALUES ('SC','SYC','Сейшелы','Республика Сейшелы','Восточная Африка');
INSERT INTO dict_countries (country_id, country_code, short_name, full_name, region) VALUES ('SG','SGP','Сингапур','Республика Сингапур','Юго-Восточная Азия');
INSERT INTO dict_countries (country_id, country_code, short_name, full_name, region) VALUES ('SX','SXM','Синт-Мартен','','Карибский бассейн');
INSERT INTO dict_countries (country_id, country_code, short_name, full_name, region) VALUES ('SY','SYR','Сирийская Арабская Республика','','Западная Азия');
INSERT INTO dict_countries (country_id, country_code, short_name, full_name, region) VALUES ('SK','SVK','Словакия','Словацкая Республика','Восточная Европа');
INSERT INTO dict_countries (country_id, country_code, short_name, full_name, region) VALUES ('SI','SVN','Словения','Республика Словения','Южная Европа');
INSERT INTO dict_countries (country_id, country_code, short_name, full_name, region) VALUES ('GB','GBR','Соединенное Королевство','Соединенное Королевство Великобритании и Северной Ирландии','Северная Европа');
INSERT INTO dict_countries (country_id, country_code, short_name, full_name, region) VALUES ('US','USA','Соединенные Штаты','Соединенные Штаты Америки','Северная Америка');
INSERT INTO dict_countries (country_id, country_code, short_name, full_name, region) VALUES ('SB','SLB','Соломоновы острова','','Меланезия');
INSERT INTO dict_countries (country_id, country_code, short_name, full_name, region) VALUES ('SO','SOM','Сомали','Сомалийская Республика','Восточная Африка');
INSERT INTO dict_countries (country_id, country_code, short_name, full_name, region) VALUES ('SD','SDN','Судан','Республика Судан','Северная Африка');
INSERT INTO dict_countries (country_id, country_code, short_name, full_name, region) VALUES ('SR','SUR','Суринам','Республика Суринам','Южная Америка');
INSERT INTO dict_countries (country_id, country_code, short_name, full_name, region) VALUES ('SL','SLE','Сьерра-Леоне','Республика Сьерра-Леоне','Западная Африка');
INSERT INTO dict_countries (country_id, country_code, short_name, full_name, region) VALUES ('TJ','TJK','Таджикистан','Республика Таджикистан','Южная часть Центральной Азии');
INSERT INTO dict_countries (country_id, country_code, short_name, full_name, region) VALUES ('TH','THA','Таиланд','Королевство Таиланд','Юго-Восточная Азия');
INSERT INTO dict_countries (country_id, country_code, short_name, full_name, region) VALUES ('TW','TWN','Тайвань (Китай)','','Восточная Азия');
INSERT INTO dict_countries (country_id, country_code, short_name, full_name, region) VALUES ('TZ','TZA','Танзания, Объединенная Республика','Объединенная Республика Танзания','Восточная Африка');
INSERT INTO dict_countries (country_id, country_code, short_name, full_name, region) VALUES ('TL','TLS','Тимор-Лесте','Демократическая Республика Тимор-Лесте','Юго-Восточная Азия');
INSERT INTO dict_countries (country_id, country_code, short_name, full_name, region) VALUES ('TG','TGO','Того','Тоголезская Республика','Западная Африка');
INSERT INTO dict_countries (country_id, country_code, short_name, full_name, region) VALUES ('TK','TKL','Токелау','','Полинезия');
INSERT INTO dict_countries (country_id, country_code, short_name, full_name, region) VALUES ('TO','TON','Тонга','Королевство Тонга','Полинезия');
INSERT INTO dict_countries (country_id, country_code, short_name, full_name, region) VALUES ('TT','TTO','Тринидад и Тобаго','Республика Тринидад и Тобаго','Карибский бассейн');
INSERT INTO dict_countries (country_id, country_code, short_name, full_name, region) VALUES ('TV','TUV','Тувалу','','Полинезия');
INSERT INTO dict_countries (country_id, country_code, short_name, full_name, region) VALUES ('TN','TUN','Тунис','Тунисская Республика','Северная Африка');
INSERT INTO dict_countries (country_id, country_code, short_name, full_name, region) VALUES ('TM','TKM','Туркмения','Туркменистан','Южная часть Центральной Азии');
INSERT INTO dict_countries (country_id, country_code, short_name, full_name, region) VALUES ('TR','TUR','Турция','Турецкая Республика','Западная Азия');
INSERT INTO dict_countries (country_id, country_code, short_name, full_name, region) VALUES ('UG','UGA','Уганда','Республика Уганда','Восточная Африка');
INSERT INTO dict_countries (country_id, country_code, short_name, full_name, region) VALUES ('UZ','UZB','Узбекистан','Республика Узбекистан','Южная часть Центральной Азии');
INSERT INTO dict_countries (country_id, country_code, short_name, full_name, region) VALUES ('UA','UKR','Украина','','Восточная Европа');
INSERT INTO dict_countries (country_id, country_code, short_name, full_name, region) VALUES ('WF','WLF','Уоллис и Футуна','','Полинезия');
INSERT INTO dict_countries (country_id, country_code, short_name, full_name, region) VALUES ('UY','URY','Уругвай','Восточная Республика Уругвай','Южная Америка');
INSERT INTO dict_countries (country_id, country_code, short_name, full_name, region) VALUES ('FO','FRO','Фарерские острова','','Северная Европа');
INSERT INTO dict_countries (country_id, country_code, short_name, full_name, region) VALUES ('FJ','FJI','Фиджи','Республика островов Фиджи','Меланезия');
INSERT INTO dict_countries (country_id, country_code, short_name, full_name, region) VALUES ('PH','PHL','Филиппины','Республика Филиппины','Юго-Восточная Азия');
INSERT INTO dict_countries (country_id, country_code, short_name, full_name, region) VALUES ('FI','FIN','Финляндия','Финляндская Республика','Северная Европа');
INSERT INTO dict_countries (country_id, country_code, short_name, full_name, region) VALUES ('FK','FLK','Фолклендские острова (Мальвинские)','','Южная Америка');
INSERT INTO dict_countries (country_id, country_code, short_name, full_name, region) VALUES ('FR','FRA','Франция','Французская Республика','Западная Европа');
INSERT INTO dict_countries (country_id, country_code, short_name, full_name, region) VALUES ('GF','GUF','Французская Гвиана','','Южная Америка');
INSERT INTO dict_countries (country_id, country_code, short_name, full_name, region) VALUES ('PF','PYF','Французская Полинезия','','Полинезия');
INSERT INTO dict_countries (country_id, country_code, short_name, full_name, region) VALUES ('TF','ATF','Французские Южные территории','','Индийский океан');
INSERT INTO dict_countries (country_id, country_code, short_name, full_name, region) VALUES ('HR','HRV','Хорватия','Республика Хорватия','Южная Европа');
INSERT INTO dict_countries (country_id, country_code, short_name, full_name, region) VALUES ('CF','CAF','Центрально-Африканская Республика','','Центральная Африка');
INSERT INTO dict_countries (country_id, country_code, short_name, full_name, region) VALUES ('TD','TCD','Чад','Республика Чад','Центральная Африка');
INSERT INTO dict_countries (country_id, country_code, short_name, full_name, region) VALUES ('ME','MNE','Черногория','Республика Черногория','Южная Европа');
INSERT INTO dict_countries (country_id, country_code, short_name, full_name, region) VALUES ('CZ','CZE','Чешская Республика','','Восточная Европа');
INSERT INTO dict_countries (country_id, country_code, short_name, full_name, region) VALUES ('CL','CHL','Чили','Республика Чили','Южная Америка');
INSERT INTO dict_countries (country_id, country_code, short_name, full_name, region) VALUES ('CH','CHE','Швейцария','Швейцарская Конфедерация','Западная Европа');
INSERT INTO dict_countries (country_id, country_code, short_name, full_name, region) VALUES ('SE','SWE','Швеция','Королевство Швеция','Северная Европа');
INSERT INTO dict_countries (country_id, country_code, short_name, full_name, region) VALUES ('SJ','SJM','Шпицберген и Ян Майен','','Северная Европа');
INSERT INTO dict_countries (country_id, country_code, short_name, full_name, region) VALUES ('LK','LKA','Шри-Ланка','Демократическая Социалистическая Республика Шри-Ланка','Южная часть Центральной Азии');
INSERT INTO dict_countries (country_id, country_code, short_name, full_name, region) VALUES ('EC','ECU','Эквадор','Республика Эквадор','Южная Америка');
INSERT INTO dict_countries (country_id, country_code, short_name, full_name, region) VALUES ('GQ','GNQ','Экваториальная Гвинея','Республика Экваториальная Гвинея','Центральная Африка');
INSERT INTO dict_countries (country_id, country_code, short_name, full_name, region) VALUES ('AX','ALA','Эландские острова','','Северная Европа');
INSERT INTO dict_countries (country_id, country_code, short_name, full_name, region) VALUES ('SV','SLV','Эль-Сальвадор','Республика Эль-Сальвадор','Центральная Америка');
INSERT INTO dict_countries (country_id, country_code, short_name, full_name, region) VALUES ('ER','ERI','Эритрея','','Восточная Африка');
INSERT INTO dict_countries (country_id, country_code, short_name, full_name, region) VALUES ('SZ','SWZ','Эсватини','Королевство Эсватини','Южная часть Африки');
INSERT INTO dict_countries (country_id, country_code, short_name, full_name, region) VALUES ('EE','EST','Эстония','Эстонская Республика','Северная Европа');
INSERT INTO dict_countries (country_id, country_code, short_name, full_name, region) VALUES ('ET','ETH','Эфиопия','Федеративная Демократическая Республика Эфиопия','Восточная Африка');
INSERT INTO dict_countries (country_id, country_code, short_name, full_name, region) VALUES ('ZA','ZAF','Южная Африка','Южно-Африканская Республика','Южная часть Африки');
INSERT INTO dict_countries (country_id, country_code, short_name, full_name, region) VALUES ('GS','SGS','Южная Джорджия и Южные Сандвичевы острова','','Южный океан');
INSERT INTO dict_countries (country_id, country_code, short_name, full_name, region) VALUES ('OS','OST','Южная Осетия','Республика Южная Осетия','Закавказье');
INSERT INTO dict_countries (country_id, country_code, short_name, full_name, region) VALUES ('SS','SSD','Южный Судан','','Северная Африка');
INSERT INTO dict_countries (country_id, country_code, short_name, full_name, region) VALUES ('JM','JAM','Ямайка','','Карибский бассейн');
INSERT INTO dict_countries (country_id, country_code, short_name, full_name, region) VALUES ('JP','JPN','Япония','','Восточная Азия');


INSERT INTO public.reg_organizations(org_id, org_full_name, org_name, org_type, inn_code, kpp_code, ogrn_code, web_site, country_id) VALUES (5000, 'ГК Систематика, ПАО', 'ГК Систематика', 'ПАО', '7701768139','770101001','1087746148764','https://gcs.ru','RU');
INSERT INTO public.reg_organizations(org_id, org_full_name, org_name, org_type, inn_code, kpp_code, ogrn_code, web_site, country_id) VALUES (5001, 'АНД Проджект, ООО', 'АНД Проджект', 'ООО', '7811060733','781101001','45576269','http://www.andproject.ru/','RU');
INSERT INTO public.reg_organizations(org_id, org_full_name, org_name, org_type, inn_code, kpp_code, ogrn_code, web_site, country_id) VALUES (5002, 'Tops Business Integrator, ООО', 'Tops Business Integrator', 'ООО', '7811060733','773401001','1027806073789','https://www.topsbi.ru/','RU');
INSERT INTO public.reg_organizations(org_id, org_full_name, org_name, org_type, inn_code, kpp_code, ogrn_code, web_site, country_id) VALUES (5003, 'Стэп Лоджик, ООО', 'Стэп Лоджик', 'ООО', '7730081654','770401001','1027700320922','https://step.ru','RU');
INSERT INTO public.reg_organizations(org_id, org_full_name, org_name, org_type, inn_code, kpp_code, ogrn_code, web_site, country_id) VALUES (5004, 'Энсис Технолоджис, ООО', 'Энсис Технолоджис', 'ООО', '7703351615','770101001','1027703001864','https://www.ensyst.ru','RU');

INSERT INTO public.reg_org_locations(loc_id, loc_app_num, loc_build_num, loc_city, loc_house_num, loc_info, loc_name, loc_street, organization_id) VALUES (9000, 416, 1, 'Москва', 6, 'Офисный парк Comcity', 'Главный офис', 'Киевское ш., 22-й км.', 5000);
INSERT INTO public.reg_org_locations(loc_id, loc_app_num, loc_build_num, loc_city, loc_house_num, loc_info, loc_name, loc_street, organization_id) VALUES (9001, 1, 27, 'Санкт-Петербург', 68, 'Вход со стороны ул. А. Матросова', 'Офис разработки Microsoft', 'Сампсониевский проспект', 5001);
INSERT INTO public.reg_org_locations(loc_id, loc_app_num, loc_build_num, loc_city, loc_house_num, loc_info, loc_name, loc_street, organization_id) VALUES (9002, 41, 1, 'Москва', 31, 'Вход от м. Бауманская', 'Офис разработки Oracle', 'Новорязанская ул', 5002);
INSERT INTO public.reg_org_locations(loc_id, loc_app_num, loc_build_num, loc_city, loc_house_num, loc_info, loc_name, loc_street, organization_id) VALUES (9003, 516, 1, 'Казань', 296, 'Рядом с ТатТелекомом', 'Офис системной интеграции', 'Ершова ул', 5003);
INSERT INTO public.reg_org_locations(loc_id, loc_app_num, loc_build_num, loc_city, loc_house_num, loc_info, loc_name, loc_street, organization_id) VALUES (9004, 484, 4, 'Москва', 4, 'БП «Румянцево»', 'Проектный офис «Нефтехимавтоматика»', 'Киевское шоссе, 22-й км.', 5004);

INSERT INTO public.dict_vendors (vendor_id, vendor_name, web_site, country_id) values (1000, 'Zyxel Corp.', 'https://www.zyxel.com/ru/ru/homepage.shtml', 'US');
INSERT INTO public.dict_vendors (vendor_id, vendor_name, web_site, country_id) values (1001, 'Cisco Systems, Inc.', 'https://www.cisco.com/c/en/us/index.html', 'US');
INSERT INTO public.dict_vendors (vendor_id, vendor_name, web_site, country_id) values (1002, 'Hewlett Packard Enterprise Development LP', 'https://www.hpe.com/us/en/home.html', 'US');

INSERT INTO public.dict_models (id, image_url, layer_num, model_code, model_description, ports_100mbps, ports_10gbps, ports_poe, vendor_id) values ('XGS3700-24', 'https://www.zyxel.com/library/assets/products/xgs3700/img_xgs3700-24_p_1000.jpg', 3, 'XGS3700-24', '24-портовый гигабитный L3 коммутатор с 10G аплинком', 24, 4, 0, 1000);
INSERT INTO public.dict_models (id, image_url, layer_num, model_code, model_description, ports_100mbps, ports_10gbps, ports_poe, vendor_id) values ('XGS3700-24HP', 'https://www.zyxel.com/library/assets/products/xgs3700/img_xgs3700-24hp_p_1000.jpg', 3, 'XGS3700-24HP', '24-портовый гигабитный L3 PoE коммутатор с 10G аплинком', 24, 4, 24, 1000);
INSERT INTO public.dict_models (id, image_url, layer_num, model_code, model_description, ports_100mbps, ports_10gbps, ports_poe, vendor_id) values ('XGS3700-48HP', 'https://www.zyxel.com/library/assets/products/xgs3700/img_xgs3700-48hp_p_1000.jpg', 3,'XGS3700-48HP', '48-портовый гигабитный L3 PoE коммутатор с 10G аплинком', 48, 4, 48, 1000);
INSERT INTO public.dict_models (id, image_url, layer_num, model_code, model_description, ports_100mbps, ports_10gbps, ports_poe, vendor_id) values ('C2940', 'https://циско.com.ua/image/cache/catalog/products/kommutator-cisco-ws-c2960-24tt-l/ws-c2960-24tt-l-500x500.jpg', 3, 'Catalyst 2940', '48-портовый гигабитный L3 PoE коммутатор с 10G аплинком',8, 1, 8, 1001);
INSERT INTO public.dict_models (id, image_url, layer_num, model_code, model_description, ports_100mbps, ports_10gbps, ports_poe, vendor_id) values ('C2950', 'https://linkas.ru/upload/iblock/96c/96ce6df8bd50b63e729968ce0497e9f0.JPG', 3, 'Catalyst 2950', '48-портовый гигабитный L3 PoE коммутатор с 10G аплинком',24,12,24, 1001);
INSERT INTO public.dict_models (id, image_url, layer_num, model_code, model_description, ports_100mbps, ports_10gbps, ports_poe, vendor_id) values ('C3550', 'https://d68bu9da8k2nr.cloudfront.net/Cisco-WS-C3550-24-SMI-1.jpg', 3, 'Catalyst 3550', '48-портовый гигабитный L3 PoE коммутатор с 10G аплинком',24, 48, 24, 1001);
INSERT INTO public.dict_models (id, image_url, layer_num, model_code, model_description, ports_100mbps, ports_10gbps, ports_poe, vendor_id) values ('C3650', 'https://media.router-switch.com/media/catalog/product/cache/b90fceee6a5fa7acd36a04c7b968181c/c/i/cisco-ws-c3650-48fd-l-front.jpg', 3, 'Catalyst 3650', '48-портовый гигабитный L3 PoE коммутатор с 10G аплинком',48, 24, 48, 1001);
INSERT INTO public.dict_models (id, image_url, layer_num, model_code, model_description, ports_100mbps, ports_10gbps, ports_poe, vendor_id) values ('CX8360', 'https://www.hparts.ru/upload/iblock/1e0/1e0a403e409ba51b244b5cc35a1ee2f5.png', 3, 'Aruba CX 8360', '48-портовый гигабитный L3 PoE коммутатор с 10G аплинком',48, 24, 48, 1002);
INSERT INTO public.dict_models (id, image_url, layer_num, model_code, model_description, ports_100mbps, ports_10gbps, ports_poe, vendor_id) values ('2620', 'https://www.karma-group.ru/upload/iblock/bb0/HPE-ARUBA-2620.webp', 3, 'Aruba 2620', '48-портовый гигабитный L3 PoE коммутатор с 10G аплинком',48, 12, 12, 1002);
INSERT INTO public.dict_models (id, image_url, layer_num, model_code, model_description, ports_100mbps, ports_10gbps, ports_poe, vendor_id) values ('FF5950', 'https://www.karma-group.ru/upload/iblock/c12/HPE-FLEXFABRIC-5900.jpg', 3, 'FlexFabric 5950','48-портовый гигабитный L3 PoE коммутатор с 10G аплинком', 48, 18, 48, 1002);
INSERT INTO public.dict_models (id, image_url, layer_num, model_code, model_description, ports_100mbps, ports_10gbps, ports_poe, vendor_id) values ('CX6000', 'https://www.itweek.ru/upload/iblock/fc5/fc5f997132b1868a349189bdd09646c0.jpg', 3, 'Aruba CX 6000', '48-портовый гигабитный L3 PoE коммутатор с 10G аплинком',48, 48, 48, 1002);

INSERT INTO public.reg_equipment_units(unit_id, unit_code, unit_desc, ip_addr, location_id, model_id) VALUES (7000, 'RT_INT_SEG_A', 'Роутер внутреннего сегмента. 1-й этаж', '10.0.1.1', 9000, 'XGS3700-24');
INSERT INTO public.reg_equipment_units(unit_id, unit_code, unit_desc, ip_addr, location_id, model_id) VALUES (7001, 'RT_INT_SEG_B',  'Роутер внутреннего сегмента. 2-й этаж', '10.0.2.1', 9000, 'XGS3700-48HP');
INSERT INTO public.reg_equipment_units(unit_id, unit_code, unit_desc, ip_addr, location_id, model_id) VALUES (7002, 'RT_INT_SEG_C',  'Роутер внутреннего сегмента. 3-й этаж', '10.0.3.1', 9000, 'XGS3700-48HP');
INSERT INTO public.reg_equipment_units(unit_id, unit_code, unit_desc, ip_addr, location_id, model_id) VALUES (7003, 'RT_EXT_INET_A',  'Роутер + МСЭ основного интернет-канала (Перерстар)', '10.16.5.12', 9000, 'XGS3700-24');
INSERT INTO public.reg_equipment_units(unit_id, unit_code, unit_desc, ip_addr, location_id, model_id) VALUES (7004, 'RT_EXT_INET_B',  'Роутер + МСЭ резервного интернет-канала (Синтерра)', '10.16.5.3', 9000, 'CX6000');
INSERT INTO public.reg_equipment_units(unit_id, unit_code, unit_desc, ip_addr, location_id, model_id) VALUES (7005, 'RT_EXT_FB_1',  'Роутер основного опт. канала в РЦОД', '10.16.6.22', 9000, 'FF5950');
INSERT INTO public.reg_equipment_units(unit_id, unit_code, unit_desc, ip_addr, location_id, model_id) VALUES (7006, 'RT_EXT_FB_2',  'Роутер резервного опт. канала в РЦОД', '10.16.6.19', 9000, 'FF5950');
